{
  "rmse": 0.5169131802286391,
  "mae": 0.4138531155040297,
  "precision@5": 0.8404,
  "recall@5": 0.5409068482293009,
  "precision@10": 0.705,
  "recall@10": 0.7945950072148582,
  "precision@20": 0.48280000000000006,
  "recall@20": 0.9718123180283025
}